{"overall_accuracy": 0.7002222222222222, "class_accuracy": {"airplane": 0.753607103218646, "automobile": 0.8314350797266514, "bird": 0.6648471615720524, "cat": 0.4933481152993348, "deer": 0.6700111482720178, "dog": 0.5055803571428571, "frog": 0.8029115341545353, "horse": 0.7022900763358778, "ship": 0.7767857142857143, "truck": 0.8053097345132744}}